{
  "accuracy": 0.9918951982872872,
  "precision": [
    0.9909118758296742,
    0.9943820224719101,
    0.9910813823857302
  ],
  "recall": [
    0.9940585945502971,
    0.9949409780775716,
    0.9836246957291436
  ],
  "f1_score": [
    0.9924827409869599,
    0.9946614217476819,
    0.9873389604620169
  ],
  "vocab_size": 8000,
  "model_size_mb": 4.087409973144531,
  "framework": "TensorFlow/Keras",
  "conversion": "TensorFlow Lite",
  "random_state": 42
}